Workbook
Name Conax_T: 'Look up'!$B$38
Name DAQ: 'Look up'!$A$21:$A$34
Name K: 'Look up'!$A$39
Name NI: 'Look up'!$B$21:$B$34
Name NoShok: 'Look up'!$B$10:$B$15
Name Omega_K: 'Look up'!$B$39
Name Omega_T: 'Look up'!$B$37
Name PT: 'Look up'!$A$10:$A$18
Name Stellar: 'Look up'!$B$16:$B$18
Name T: 'Look up'!$A$37:$A$38
Name TC: 'Look up'!$A$37:$A$38

Sheet Cal
B2: Calculation
C7: Uncertaintiy Measurement
H8: Uncertaintiy Measurement of Thermalcouple with DAQ
C9: Input Worst Case Pressure in MPa | E9: 87 | F9: MPa | H9: Equipment | I9: Maker | J9: Model
C10: Input Worst Case Thermocouple in °C | E10: 35 | F10: °C | H10: DAQ | I10: NI | J10: 9213
H12: Equipment | I12: Type | J12: Maker | K12: Model
C13: Uncertaintiy Measurement of Pressure Transducer with DAQ | H13: TC | I13: T | J13: Conax_T
C14: Equipment | D14: Maker | E14: Model
C15: DAQ | D15: NI | E15: 9203
C16: PT | D16: NoShok | E16: PT41 | H16: DAQ Uncertainty | I16: {=(IFERROR( ( (E10*INDEX('Look up'!L37:L39,MATCH(1,((Cal!J13)='Look up'!A37:A39)*((Cal!K13)='Look up'!B37:B39),0))) * INDEX('Look up'!J21:J34,MATCH(1,((Cal!I10)='Look up'!A21:A34)*((Cal!J10)='Look up'!B21:B34),0)) ) + ( INDEX('Look up'!G21:G34,MATCH(1,((Cal!I10)='Look up'!A21:A34)*((Cal!J10)='Look up'!B21:B34),0)) ) + INDEX('Look up'!D21:D34,MATCH(1,((Cal!I10)='Look up'!A21:A34)*((Cal!J10)='Look up'!B21:B34),0)), "Error"))/(SQRT(3))} -> 0.01554347
H17: DAQ Uncertainty | I17: {=(IFERROR( ( (I16/INDEX('Look up'!L37:L39,MATCH(1,((Cal!J13)='Look up'!A37:A39)*((Cal!K13)='Look up'!B37:B39),0))) ), "Error"))} -> 0.29788176 | J17: °C
C18: DAQ Uncertainty | D18: {=(IFERROR( ( (E9*INDEX('Look up'!L9:L18,MATCH(1,((Cal!D16)='Look up'!A9:A18)*((Cal!E16)='Look up'!B9:B18),0))) * INDEX('Look up'!J21:J34,MATCH(1,((Cal!D15)='Look up'!A21:A34)*((Cal!E15)='Look up'!B21:B34),0)) ) + ( INDEX('Look up'!L21:L34,MATCH(1,((Cal!D15)='Look up'!A21:A34)*((Cal!E15)='Look up'!B21:B34),0)) * INDEX('Look up'!G21:G34,MATCH(1,((Cal!D15)='Look up'!A21:A34)*((Cal!E15)='Look up'!B21:B34),0)) ) + INDEX('Look up'!D21:D34,MATCH(1,((Cal!D15)='Look up'!A21:A34)*((Cal!E15)='Look up'!B21:B34),0)), "Error"))/(SQRT(3))} -> 0.011682112 | H18: TC Uncertainty | I18: {=(IFERROR( ( ((INDEX('Look up'!J37:J39,MATCH(1,((Cal!J13)='Look up'!A37:A39)*((Cal!K13)='Look up'!B37:B39),0)))/SQRT(3)) ), "Error"))} -> 0.28867513 | J18: °C
C19: Combined UM PT | D19: {=(IFERROR( ( ( SQRT( (D18^2) + (( (((INDEX('Look up'!G9:G18,MATCH(1,((Cal!D16)='Look up'!A9:A18)*((Cal!E16)='Look up'!B9:B18),0))) * (INDEX('Look up'!E9:E18,MATCH(1,((Cal!D16)='Look up'!A9:A18)*((Cal!E16)='Look up'!B9:B18),0))) ))/SQRT(3) )^2) + ( ( (((INDEX('Look up'!I9:I18,MATCH(1,((Cal!D16)='Look up'!A9:A18)*((Cal!E16)='Look up'!B9:B18),0))) * (INDEX('Look up'!E9:E18,MATCH(1,((Cal!D16)='Look up'!A9:A18)*((Cal!E16)='Look up'!B9:B18),0))) ))/SQRT(3) )^2 ) ) )/(INDEX('Look up'!L9:L18,MATCH(1,((Cal!D16)='Look up'!A9:A18)*((Cal!E16)='Look up'!B9:B18),0))) ), "Error"))} -> 1.3190364 | H19: Combined UM | I19: =SQRT(I17^2+I18^2) -> 0.41480944 | J19: °C
C20: Expanded UM | D20: =D19*2 -> 2.6380729 | E20: MPa | H20: Expanded UM | I20: =I19*2 -> 0.82961889 | J20: °C
C23: **Verify Chart values on PTs

Sheet Look up
A1: LOOK UP TABLE
A7: Pressure Transducer
A8: Maker | B8: Model | C8: Max Input MPa | E8: FSO | G8: Accuracy | I8: Thermal Error | K8: Resolution | L8: PT Factor
A9: NoShok | B9: PT41 | C9: =58000 * 0.00689476 -> 399.89608 | D9: MPa | E9: 16 | F9: mA | G9: 0.0052 | H9: FSO | I9: 0.002 | J9: +/- FSO | L9: =E9/C9 -> 0.040010395 | M9: mA/MPa | N9: ** Verify
A10: NoShok | B10: 621 | C10: =15000 * 0.00689476 -> 103.4214 | D10: MPa | E10: =20-4 -> 16 | F10: mA | G10: 0.0025 | H10: FSO | I10: 0.00011 | J10: +/- FSO | L10: =E10/C10 -> 0.15470686 | M10: mA/MPa | N10: ** Verify
A11: NoShok | B11: 622 | C11: =15000 * 0.00689476 -> 103.4214 | D11: MPa | E11: =20-4 -> 16 | F11: mA | G11: 0.0025 | H11: FSO | I11: 0.00011 | J11: +/- FSO | L11: =E11/C11 -> 0.15470686 | M11: mA/MPa | N11: ** Verify
A12: NoShok | B12: 623 | C12: =15000 * 0.00689476 -> 103.4214 | D12: MPa | E12: =20-4 -> 16 | F12: mA | G12: 0.0025 | H12: FSO | I12: 0.00011 | J12: +/- FSO | L12: =E12/C12 -> 0.15470686 | M12: mA/MPa | N12: ** Verify
A13: NoShok | B13: 624 | C13: =15000 * 0.00689476 -> 103.4214 | D13: MPa | E13: =20-4 -> 16 | F13: mA | G13: 0.0025 | H13: FSO | I13: 0.00011 | J13: +/- FSO | L13: =E13/C13 -> 0.15470686 | M13: mA/MPa | N13: ** Verify
A14: NoShok | B14: 625 | C14: =15000 * 0.00689476 -> 103.4214 | D14: MPa | E14: 20 | F14: mA | G14: 0.0025 | H14: FSO | I14: 0.00011 | J14: +/- FSO | L14: =E14/C14 -> 0.19338357 | M14: mA/MPa | N14: ** Verify
A15: NoShok | B15: 626 | C15: =15000 * 0.00689476 -> 103.4214 | D15: MPa | E15: =20-4 -> 16 | F15: mA | G15: 0.0025 | H15: FSO | I15: 0.00011 | J15: +/- FSO | L15: =E15/C15 -> 0.15470686 | M15: mA/MPa | N15: ** Verify
A16: Stellar | B16: GT16XX | C16: =15000 * 0.00689476 -> 103.4214 | D16: MPa | E16: 4.9 | F16: V | G16: 0.0025 | H16: FSO | I16: 0.0002 | J16: +/- FSO | K16: 0.00025 | L16: =E16/C16 -> 0.047378976 | M16: V/MPa | N16: ** Verify
A17: Stellar | B17: GT18XX | C17: =20000 * 0.00689476 -> 137.8952 | D17: MPa | E17: 4.9 | F17: V | G17: 0.0025 | H17: FSO | I17: 0.0002 | J17: +/- FSO | K17: 0.00025 | L17: =E17/C17 -> 0.035534232 | M17: V/MPa | N17: ** Verify
A18: Stellar | B18: GT32XX | C18: =20000 * 0.00689476 -> 137.8952 | D18: MPa | E18: 4.9 | F18: V | G18: 0.0025 | H18: FSO | I18: 0.0002 | J18: +/- FSO | K18: 0.00025 | L18: =E18/C18 -> 0.035534232 | M18: V/MPa | N18: ** Verify
A19: DAQ
A20: Maker | B20: Model | C20: Type | D20: System Noise | E20: Units | G20: Offset Error | H20: Units | J20: Gain Error | K20: Units | L20: Range | M20: Units
A21: NI | B21: 9203 | C21: PT Current | D21: 0.0019683838 | E21: mA | G21: =0.06/100 -> 0.0006 | H21: % | J21: =0.18/100 -> 0.0018 | K21: % | L21: 20 | M21: mA
A22: NI | B22: 9208 | C22: PT Current | D22: =200/(1000000*0.7071) -> 0.00028284542 | E22: mA | G22: =0.04/100 -> 0.0004 | H22: % | J22: =0.76/100 -> 0.0076 | K22: % | L22: 20 | M22: mA
A23: NI | B23: 9253 | C23: PT Current | D23: 0.00013 | E23: mA | G23: =0.08/100 -> 0.0008 | H23: % | J23: =0.41/100 -> 0.0041 | K23: % | L23: 20 | M23: mA
A24: NI | B24: 9213 | C24: TC | D24: 0.007 | E24: mV RMS | G24: 0.017 | H24: mV | J24: =0.16/100 -> 0.0016 | K24: % | L24: 78.125 | M24: mV
A25: NI | B25: 9205 | C25: Voltage | D25: =240/1000000 -> 0.00024 | E25: V RMS | G25: =0.014/100 -> 0.00014 | H25: % | J25: =0.0476/100 -> 0.000476 | K25: % | L25: 10 | M25: V
A26: NI | B26: 9220 | C26: Voltage | D26: =0.85 * (21.2/2^16) -> 0.00027496338 | E26: V RMS | G26: =0.07/100 -> 0.0007 | H26: % | J26: =0.1472/100 -> 0.001472 | K26: % | L26: 10.5 | M26: V
A27: NI | B27: 9215 | C27: Voltage ? | D27: =1.2 * (21.2/2^16) -> 0.00038818359 | E27: V RMS | G27: =0.082/100 -> 0.00082 | H27: % | J27: =0.2/100 -> 0.002 | K27: % | L27: 10.4 | M27: V
A28: NI | B28: 9239 | C28: Voltage ? | D28: =0.00007 -> 7e-05 | E28: V RMS | G28: =0.06/100 -> 0.0006 | H28: % | J28: =0.13/100 -> 0.0013 | K28: % | L28: 10.52 | M28: V
A29: NI | B29: 9216 | C29: RTD | D29: =6/1000 -> 0.006 | E29: ohm RMS | G29: =0.083 -> 0.083 | H29: ohm | J29: =0.048/100 -> 0.00048 | K29: %
A30: NI | B30: 9217 | C30: RTD | D30: 0.02 | E30: °C | L30: 50 | M30: mV
A31: NI | B31: 9219 | C31: Universal | D31: =0.00108*25 -> 0.027 | E31: mA | G31: =0.01/100 -> 0.0001 | H31: % | J31: =0.1/100 -> 0.001 | K31: % | L31: 25 | M31: mA
A32: NI | B32: 9361 | C32: Counter | L32: 5 | M32: V
A33: NI | B33: 9375 | C33: Voltage
A34: NI | B34: 9472 | C34: 8DO
A35: Thermocouple
A36: Maker | B36: Model | D36: Type | F36: Max IN Temp | G36: Units | H36: Max OU Volt | I36: Units | J36: Accuracy | K36: Units | L36: TC-Factor | M36: Units
A37: Omega_T | B37: T-316SS12-U-MPJ-6 | D37: T | F37: 400 | G37: °C | H37: 20.872 | I37: mV | J37: 0.5 | K37: °C | L37: =H37/F37 -> 0.05218 | M37: mV/°C
A38: Conax_T | D38: T | F38: 400 | G38: °C | H38: 20.872 | I38: mV | J38: 0.5 | K38: °C | L38: =H38/F38 -> 0.05218 | M38: mV/°C
A39: Omega_K | B39: SP-BW-K-6 | D39: K | F39: 1372 | G39: °C | H39: 54.886 | I39: mV | J39: 1.1 | K39: °C | L39: =H39/F39 -> 0.040004373 | M39: mV/°C
